id,name,description,price,category
1,Max Smartphone 1,Phone Smartphone AMOLED,79552,Smartphones
2,Pro Smartphone 2,Phone Camera AMOLED,98434,Smartphones
3,Ultra Smartphone 3,AMOLED Camera Smartphone,36369,Smartphones
4,Pro Smartphone 4,AMOLED 5G Smartphone,117158,Smartphones
5,Plus Smartphone 5,5G Smartphone Camera,91617,Smartphones
6,Max Smartphone 6,Smartphone 5G Camera,73101,Smartphones
7,Pro Smartphone 7,AMOLED 5G Phone,62520,Smartphones
8,Pro Smartphone 8,Smartphone 5G AMOLED,36204,Smartphones
9,Pro Smartphone 9,Phone Smartphone 5G,52191,Smartphones
10,Elite Smartphone 10,Camera 5G Phone,20237,Smartphones
11,Ultra Smartphone 11,Smartphone Phone AMOLED,9267,Smartphones
12,Pro Smartphone 12,AMOLED Phone 5G,80532,Smartphones
13,Plus Smartphone 13,Camera Phone AMOLED,57320,Smartphones
14,Max Smartphone 14,Smartphone Camera 5G,5360,Smartphones
15,Plus Smartphone 15,Smartphone Camera AMOLED,100523,Smartphones
16,Elite Smartphone 16,5G Camera Phone,86213,Smartphones
17,Pro Smartphone 17,AMOLED 5G Phone,39554,Smartphones
18,Elite Smartphone 18,Smartphone AMOLED 5G,88080,Smartphones
19,Max Smartphone 19,Camera Phone Smartphone,18744,Smartphones
20,Ultra Smartphone 20,5G Camera Phone,100316,Smartphones
21,Plus Smartphone 21,Smartphone AMOLED Phone,105289,Smartphones
22,Plus Smartphone 22,5G AMOLED Smartphone,22892,Smartphones
23,Pro Smartphone 23,5G Phone Smartphone,87469,Smartphones
24,Max Smartphone 24,Camera Phone AMOLED,125485,Smartphones
25,Pro Smartphone 25,Camera Smartphone 5G,49349,Smartphones
26,Ultra Smartphone 26,Smartphone Camera 5G,28033,Smartphones
27,Pro Smartphone 27,5G AMOLED Smartphone,62936,Smartphones
28,Pro Smartphone 28,Camera Smartphone Phone,147193,Smartphones
29,Plus Smartphone 29,AMOLED 5G Camera,30345,Smartphones
30,Elite Smartphone 30,AMOLED Camera Phone,2942,Smartphones
31,Plus Smartphone 31,Camera Phone AMOLED,147986,Smartphones
32,Plus Smartphone 32,Smartphone Phone AMOLED,110454,Smartphones
33,Elite Smartphone 33,Camera AMOLED 5G,21005,Smartphones
34,Elite Smartphone 34,Phone Camera 5G,5313,Smartphones
35,Elite Smartphone 35,5G Camera Smartphone,60158,Smartphones
36,Plus Smartphone 36,Phone Camera 5G,65804,Smartphones
37,Elite Smartphone 37,5G Smartphone Phone,56948,Smartphones
38,Max Smartphone 38,AMOLED Camera 5G,18627,Smartphones
39,Elite Smartphone 39,5G AMOLED Phone,36679,Smartphones
40,Max Smartphone 40,5G Smartphone Camera,93380,Smartphones
41,Max Smartphone 41,AMOLED Camera Smartphone,8223,Smartphones
42,Pro Smartphone 42,Camera Phone Smartphone,44980,Smartphones
43,Elite Smartphone 43,Camera 5G Phone,58326,Smartphones
44,Max Smartphone 44,5G Smartphone Camera,23154,Smartphones
45,Pro Smartphone 45,Camera Smartphone AMOLED,29002,Smartphones
46,Ultra Smartphone 46,5G Smartphone Camera,68485,Smartphones
47,Max Smartphone 47,Phone Smartphone Camera,135031,Smartphones
48,Ultra Smartphone 48,Phone Smartphone 5G,92968,Smartphones
49,Pro Smartphone 49,Camera AMOLED Phone,98089,Smartphones
50,Ultra Smartphone 50,Camera Smartphone AMOLED,145347,Smartphones
51,Pro Smartphone 51,Phone Camera AMOLED,146948,Smartphones
52,Max Smartphone 52,Smartphone Camera AMOLED,103779,Smartphones
53,Plus Smartphone 53,5G Phone Camera,60424,Smartphones
54,Ultra Smartphone 54,Phone Camera AMOLED,29059,Smartphones
55,Max Smartphone 55,5G AMOLED Phone,139876,Smartphones
56,Elite Smartphone 56,AMOLED Smartphone Camera,11772,Smartphones
57,Pro Smartphone 57,Smartphone 5G Camera,146304,Smartphones
58,Elite Smartphone 58,Camera 5G Smartphone,8222,Smartphones
59,Plus Smartphone 59,Camera AMOLED 5G,8402,Smartphones
60,Plus Smartphone 60,Smartphone 5G Phone,92333,Smartphones
61,Max Smartphone 61,Smartphone Camera Phone,59902,Smartphones
62,Pro Smartphone 62,Smartphone AMOLED Phone,62774,Smartphones
63,Pro Smartphone 63,Smartphone Phone AMOLED,59256,Smartphones
64,Pro Smartphone 64,5G Camera Phone,138347,Smartphones
65,Plus Smartphone 65,AMOLED Smartphone 5G,118539,Smartphones
66,Max Smartphone 66,Smartphone AMOLED Camera,46600,Smartphones
67,Pro Smartphone 67,Camera 5G Smartphone,135155,Smartphones
68,Max Smartphone 68,5G Phone Camera,95570,Smartphones
69,Elite Smartphone 69,Smartphone Camera Phone,30908,Smartphones
70,Max Smartphone 70,Phone AMOLED Camera,140201,Smartphones
71,Ultra Smartphone 71,Camera Smartphone Phone,63784,Smartphones
72,Elite Smartphone 72,Camera Phone AMOLED,63899,Smartphones
73,Plus Smartphone 73,5G Phone Camera,51338,Smartphones
74,Pro Smartphone 74,Smartphone 5G Phone,71298,Smartphones
75,Max Smartphone 75,AMOLED Camera Smartphone,149154,Smartphones
76,Max Smartphone 76,5G AMOLED Phone,39733,Smartphones
77,Elite Smartphone 77,AMOLED 5G Camera,64529,Smartphones
78,Ultra Smartphone 78,Phone Smartphone AMOLED,131248,Smartphones
79,Elite Smartphone 79,5G AMOLED Phone,85725,Smartphones
80,Max Smartphone 80,AMOLED Smartphone Camera,32829,Smartphones
81,Max Smartphone 81,Smartphone 5G AMOLED,116986,Smartphones
82,Plus Smartphone 82,Smartphone Camera AMOLED,101537,Smartphones
83,Elite Smartphone 83,Phone AMOLED Camera,131400,Smartphones
84,Max Smartphone 84,Camera 5G Phone,16320,Smartphones
85,Plus Smartphone 85,Smartphone AMOLED Camera,70141,Smartphones
86,Max Smartphone 86,5G Smartphone Phone,96901,Smartphones
87,Max Smartphone 87,Smartphone Phone 5G,58497,Smartphones
88,Max Smartphone 88,Phone 5G Smartphone,149496,Smartphones
89,Plus Smartphone 89,Smartphone 5G Camera,120530,Smartphones
90,Max Smartphone 90,Smartphone AMOLED Phone,104761,Smartphones
91,Plus Smartphone 91,Phone Camera 5G,118265,Smartphones
92,Ultra Smartphone 92,5G AMOLED Phone,91401,Smartphones
93,Plus Smartphone 93,Camera AMOLED Phone,126697,Smartphones
94,Elite Smartphone 94,5G Camera AMOLED,30135,Smartphones
95,Ultra Smartphone 95,Camera 5G Smartphone,81427,Smartphones
96,Ultra Smartphone 96,Phone Smartphone AMOLED,146013,Smartphones
97,Elite Smartphone 97,AMOLED Camera 5G,113320,Smartphones
98,Max Smartphone 98,Camera 5G Smartphone,128453,Smartphones
99,Ultra Smartphone 99,Phone Camera AMOLED,8499,Smartphones
100,Plus Smartphone 100,AMOLED Phone 5G,104339,Smartphones
101,Ultra Smartphone 101,Smartphone AMOLED Camera,140464,Smartphones
102,Max Smartphone 102,5G Camera AMOLED,22294,Smartphones
103,Ultra Smartphone 103,Camera Phone Smartphone,60422,Smartphones
104,Elite Smartphone 104,AMOLED Phone Camera,32869,Smartphones
105,Ultra Smartphone 105,Smartphone 5G AMOLED,108808,Smartphones
106,Elite Smartphone 106,Smartphone AMOLED Phone,128032,Smartphones
107,Ultra Smartphone 107,AMOLED Smartphone Phone,99671,Smartphones
108,Elite Smartphone 108,Smartphone Camera AMOLED,119581,Smartphones
109,Max Smartphone 109,AMOLED Camera 5G,94591,Smartphones
110,Ultra Smartphone 110,AMOLED Camera Smartphone,144464,Smartphones
111,Pro Smartphone 111,Phone Camera AMOLED,35521,Smartphones
112,Pro Smartphone 112,Camera AMOLED Smartphone,110918,Smartphones
113,Elite Smartphone 113,Smartphone 5G Camera,54349,Smartphones
114,Pro Smartphone 114,Camera Smartphone AMOLED,93633,Smartphones
115,Max Smartphone 115,Smartphone Phone Camera,73980,Smartphones
116,Elite Smartphone 116,Phone AMOLED Smartphone,101535,Smartphones
117,Plus Smartphone 117,Phone 5G Camera,146127,Smartphones
118,Ultra Smartphone 118,Smartphone Camera Phone,130493,Smartphones
119,Max Smartphone 119,Smartphone 5G Camera,3215,Smartphones
120,Elite Smartphone 120,AMOLED Phone Smartphone,61896,Smartphones
121,Pro Smartphone 121,Smartphone Camera AMOLED,141912,Smartphones
122,Pro Smartphone 122,Camera Phone 5G,137127,Smartphones
123,Plus Smartphone 123,5G Phone Camera,71229,Smartphones
124,Pro Smartphone 124,Phone 5G Camera,90883,Smartphones
125,Plus Smartphone 125,Phone Smartphone AMOLED,104365,Smartphones
126,Pro Laptop 1,Laptop Ryzen Intel i5,7841,Laptops
127,Elite Laptop 2,SSD Laptop Intel i5,118887,Laptops
128,Pro Laptop 3,Laptop Ryzen Intel i7,139498,Laptops
129,Pro Laptop 4,SSD Ryzen Intel i7,71580,Laptops
130,Max Laptop 5,SSD Intel i5 Ryzen,134438,Laptops
131,Elite Laptop 6,Ryzen Laptop Intel i5,45337,Laptops
132,Ultra Laptop 7,Laptop Intel i5 Intel i7,133432,Laptops
133,Max Laptop 8,Ryzen SSD Laptop,34244,Laptops
134,Plus Laptop 9,Intel i7 Laptop Intel i5,107629,Laptops
135,Ultra Laptop 10,Intel i7 SSD Laptop,58912,Laptops
136,Ultra Laptop 11,Intel i7 Intel i5 Ryzen,137155,Laptops
137,Ultra Laptop 12,SSD Intel i7 Ryzen,96556,Laptops
138,Elite Laptop 13,Ryzen Laptop Intel i7,19218,Laptops
139,Pro Laptop 14,SSD Intel i5 Laptop,55315,Laptops
140,Ultra Laptop 15,Laptop Intel i5 Ryzen,36912,Laptops
141,Ultra Laptop 16,Laptop Intel i5 Ryzen,2894,Laptops
142,Max Laptop 17,Intel i5 SSD Intel i7,15773,Laptops
143,Max Laptop 18,Intel i7 Ryzen Laptop,95596,Laptops
144,Plus Laptop 19,Ryzen Laptop Intel i5,13042,Laptops
145,Ultra Laptop 20,Intel i5 Laptop Ryzen,108669,Laptops
146,Pro Laptop 21,Intel i7 Ryzen SSD,28237,Laptops
147,Max Laptop 22,SSD Intel i7 Laptop,24385,Laptops
148,Ultra Laptop 23,Laptop Ryzen SSD,93881,Laptops
149,Plus Laptop 24,Ryzen Laptop Intel i5,134035,Laptops
150,Max Laptop 25,Ryzen SSD Intel i7,80133,Laptops
151,Elite Laptop 26,SSD Ryzen Intel i5,83485,Laptops
152,Pro Laptop 27,Ryzen SSD Laptop,89016,Laptops
153,Elite Laptop 28,Intel i5 Laptop SSD,77084,Laptops
154,Ultra Laptop 29,SSD Ryzen Intel i5,141928,Laptops
155,Ultra Laptop 30,Ryzen SSD Intel i7,147495,Laptops
156,Plus Laptop 31,Intel i5 Laptop Ryzen,97668,Laptops
157,Max Laptop 32,Ryzen SSD Laptop,17718,Laptops
158,Elite Laptop 33,Intel i7 SSD Laptop,16225,Laptops
159,Max Laptop 34,Intel i7 Intel i5 Ryzen,119221,Laptops
160,Plus Laptop 35,Intel i5 SSD Ryzen,145829,Laptops
161,Pro Laptop 36,SSD Laptop Ryzen,95338,Laptops
162,Ultra Laptop 37,Intel i5 SSD Intel i7,75384,Laptops
163,Max Laptop 38,SSD Intel i7 Laptop,109257,Laptops
164,Elite Laptop 39,Intel i5 Laptop Ryzen,40241,Laptops
165,Plus Laptop 40,Intel i7 Ryzen Laptop,29305,Laptops
166,Ultra Laptop 41,Laptop Intel i7 SSD,130814,Laptops
167,Ultra Laptop 42,SSD Laptop Ryzen,72437,Laptops
168,Max Laptop 43,Ryzen SSD Intel i5,25985,Laptops
169,Elite Laptop 44,Intel i5 Intel i7 Laptop,92347,Laptops
170,Elite Laptop 45,Ryzen Laptop Intel i7,6083,Laptops
171,Pro Laptop 46,Ryzen SSD Intel i7,36634,Laptops
172,Ultra Laptop 47,Intel i5 SSD Intel i7,120532,Laptops
173,Elite Laptop 48,SSD Intel i7 Laptop,32792,Laptops
174,Ultra Laptop 49,SSD Ryzen Intel i7,26385,Laptops
175,Max Laptop 50,SSD Ryzen Intel i5,134033,Laptops
176,Ultra Laptop 51,SSD Intel i5 Laptop,134153,Laptops
177,Elite Laptop 52,Intel i7 Laptop SSD,88884,Laptops
178,Plus Laptop 53,Intel i5 Ryzen Laptop,95847,Laptops
179,Plus Laptop 54,Laptop Ryzen SSD,86432,Laptops
180,Pro Laptop 55,SSD Intel i5 Laptop,70010,Laptops
181,Elite Laptop 56,Laptop Ryzen Intel i7,99703,Laptops
182,Elite Laptop 57,Intel i7 SSD Laptop,30750,Laptops
183,Elite Laptop 58,SSD Ryzen Intel i7,144124,Laptops
184,Pro Laptop 59,Ryzen SSD Laptop,131469,Laptops
185,Plus Laptop 60,Laptop Intel i5 Intel i7,58738,Laptops
186,Max Laptop 61,Ryzen Intel i7 Intel i5,8333,Laptops
187,Ultra Laptop 62,Ryzen Intel i5 Intel i7,82138,Laptops
188,Plus Laptop 63,Intel i7 SSD Laptop,119551,Laptops
189,Elite Laptop 64,SSD Intel i7 Laptop,69634,Laptops
190,Pro Laptop 65,Laptop Ryzen SSD,89628,Laptops
191,Max Laptop 66,SSD Ryzen Intel i7,2865,Laptops
192,Plus Laptop 67,Intel i5 Ryzen SSD,58046,Laptops
193,Plus Laptop 68,SSD Intel i5 Ryzen,4018,Laptops
194,Max Laptop 69,Intel i7 Intel i5 Ryzen,142508,Laptops
195,Plus Laptop 70,SSD Intel i7 Intel i5,128942,Laptops
196,Elite Laptop 71,SSD Intel i7 Intel i5,49386,Laptops
197,Ultra Laptop 72,Laptop Ryzen Intel i5,110198,Laptops
198,Pro Laptop 73,Ryzen Laptop SSD,102065,Laptops
199,Plus Laptop 74,SSD Intel i7 Laptop,44818,Laptops
200,Elite Laptop 75,Intel i5 Intel i7 Laptop,96277,Laptops
201,Pro Laptop 76,Intel i7 SSD Intel i5,8932,Laptops
202,Pro Laptop 77,SSD Intel i5 Intel i7,77174,Laptops
203,Pro Laptop 78,Ryzen Laptop Intel i5,108877,Laptops
204,Elite Laptop 79,Ryzen SSD Laptop,134340,Laptops
205,Plus Laptop 80,Intel i7 Intel i5 Laptop,83229,Laptops
206,Elite Laptop 81,Laptop Intel i5 Ryzen,74852,Laptops
207,Ultra Laptop 82,SSD Intel i5 Intel i7,59278,Laptops
208,Pro Laptop 83,Intel i7 SSD Intel i5,89035,Laptops
209,Pro Laptop 84,Intel i5 Intel i7 SSD,54956,Laptops
210,Max Laptop 85,Intel i7 Intel i5 Laptop,102689,Laptops
211,Ultra Laptop 86,Intel i5 SSD Intel i7,109959,Laptops
212,Max Laptop 87,Intel i7 Ryzen Laptop,77971,Laptops
213,Ultra Laptop 88,Ryzen Intel i5 Intel i7,58391,Laptops
214,Ultra Laptop 89,Ryzen Intel i7 SSD,100860,Laptops
215,Max Laptop 90,Laptop Intel i7 SSD,148712,Laptops
216,Plus Laptop 91,Laptop Intel i7 Intel i5,54165,Laptops
217,Elite Laptop 92,Laptop Intel i5 Ryzen,46849,Laptops
218,Elite Laptop 93,Intel i5 Intel i7 Ryzen,131548,Laptops
219,Elite Laptop 94,SSD Laptop Intel i5,49859,Laptops
220,Ultra Laptop 95,Intel i5 Ryzen Intel i7,4840,Laptops
221,Ultra Laptop 96,Intel i7 Intel i5 SSD,5658,Laptops
222,Pro Laptop 97,Laptop SSD Intel i7,105189,Laptops
223,Elite Laptop 98,Intel i5 SSD Laptop,79549,Laptops
224,Ultra Laptop 99,Intel i5 Ryzen SSD,63302,Laptops
225,Elite Laptop 100,Intel i5 SSD Ryzen,106647,Laptops
226,Plus Laptop 101,SSD Laptop Intel i5,101861,Laptops
227,Ultra Laptop 102,Laptop SSD Ryzen,80367,Laptops
228,Elite Laptop 103,Ryzen SSD Laptop,79470,Laptops
229,Pro Laptop 104,Intel i7 Laptop Ryzen,62714,Laptops
230,Plus Laptop 105,Intel i5 SSD Laptop,64656,Laptops
231,Elite Laptop 106,Ryzen Laptop SSD,136534,Laptops
232,Elite Laptop 107,Laptop Ryzen Intel i5,100308,Laptops
233,Pro Laptop 108,Laptop SSD Ryzen,137645,Laptops
234,Plus Laptop 109,Laptop Ryzen Intel i5,146860,Laptops
235,Elite Laptop 110,Intel i5 SSD Intel i7,73373,Laptops
236,Elite Laptop 111,Ryzen Intel i5 SSD,12133,Laptops
237,Max Laptop 112,Ryzen Laptop SSD,44030,Laptops
238,Elite Laptop 113,Laptop Ryzen Intel i7,79530,Laptops
239,Ultra Laptop 114,SSD Intel i7 Intel i5,126948,Laptops
240,Elite Laptop 115,Intel i5 Ryzen Laptop,28283,Laptops
241,Ultra Laptop 116,SSD Ryzen Intel i5,9959,Laptops
242,Ultra Laptop 117,Ryzen Intel i5 SSD,9811,Laptops
243,Elite Laptop 118,Laptop Intel i7 Ryzen,147098,Laptops
244,Plus Laptop 119,SSD Ryzen Intel i7,48712,Laptops
245,Pro Laptop 120,Intel i7 Intel i5 Laptop,110227,Laptops
246,Pro Laptop 121,Intel i7 Ryzen Intel i5,101228,Laptops
247,Pro Laptop 122,Ryzen SSD Intel i5,20352,Laptops
248,Elite Laptop 123,SSD Ryzen Intel i7,33831,Laptops
249,Elite Laptop 124,Intel i5 Ryzen SSD,75934,Laptops
250,Ultra Laptop 125,SSD Ryzen Intel i7,21317,Laptops
251,Pro Headphone 1,Noise Cancelling Wireless Headphones,138815,Headphones
252,Plus Headphone 2,Wireless Headphones Bluetooth,88154,Headphones
253,Elite Headphone 3,Headphones Bluetooth Wireless,52229,Headphones
254,Plus Headphone 4,Headphones Bluetooth Noise Cancelling,142717,Headphones
255,Ultra Headphone 5,Headphones Wireless Bluetooth,19484,Headphones
256,Plus Headphone 6,Wireless Noise Cancelling Bluetooth,2697,Headphones
257,Max Headphone 7,Bluetooth Noise Cancelling Headphones,72418,Headphones
258,Pro Headphone 8,Headphones Bluetooth Noise Cancelling,143417,Headphones
259,Plus Headphone 9,Bluetooth Headphones Noise Cancelling,83324,Headphones
260,Pro Headphone 10,Headphones Bluetooth Wireless,63597,Headphones
261,Pro Headphone 11,Bluetooth Wireless Noise Cancelling,3931,Headphones
262,Ultra Headphone 12,Bluetooth Wireless Headphones,89649,Headphones
263,Elite Headphone 13,Wireless Bluetooth Noise Cancelling,77988,Headphones
264,Max Headphone 14,Bluetooth Wireless Noise Cancelling,25951,Headphones
265,Max Headphone 15,Bluetooth Noise Cancelling Headphones,147911,Headphones
266,Plus Headphone 16,Wireless Bluetooth Noise Cancelling,72408,Headphones
267,Pro Headphone 17,Wireless Headphones Noise Cancelling,2750,Headphones
268,Plus Headphone 18,Noise Cancelling Headphones Bluetooth,88009,Headphones
269,Plus Headphone 19,Noise Cancelling Wireless Bluetooth,98653,Headphones
270,Pro Headphone 20,Wireless Noise Cancelling Headphones,144960,Headphones
271,Pro Headphone 21,Bluetooth Noise Cancelling Headphones,72653,Headphones
272,Ultra Headphone 22,Headphones Bluetooth Noise Cancelling,11142,Headphones
273,Elite Headphone 23,Headphones Wireless Bluetooth,80782,Headphones
274,Max Headphone 24,Bluetooth Noise Cancelling Wireless,50117,Headphones
275,Max Headphone 25,Wireless Bluetooth Headphones,100644,Headphones
276,Elite Headphone 26,Wireless Headphones Noise Cancelling,56060,Headphones
277,Elite Headphone 27,Headphones Bluetooth Noise Cancelling,117029,Headphones
278,Elite Headphone 28,Headphones Bluetooth Wireless,29374,Headphones
279,Ultra Headphone 29,Noise Cancelling Bluetooth Wireless,74359,Headphones
280,Elite Headphone 30,Bluetooth Headphones Wireless,4391,Headphones
281,Pro Headphone 31,Wireless Headphones Noise Cancelling,23750,Headphones
282,Elite Headphone 32,Noise Cancelling Headphones Wireless,142206,Headphones
283,Plus Headphone 33,Noise Cancelling Bluetooth Headphones,81020,Headphones
284,Ultra Headphone 34,Bluetooth Noise Cancelling Headphones,81505,Headphones
285,Plus Headphone 35,Noise Cancelling Wireless Bluetooth,88826,Headphones
286,Pro Headphone 36,Noise Cancelling Wireless Headphones,36616,Headphones
287,Pro Headphone 37,Headphones Noise Cancelling Bluetooth,40760,Headphones
288,Pro Headphone 38,Noise Cancelling Bluetooth Headphones,30699,Headphones
289,Max Headphone 39,Headphones Noise Cancelling Bluetooth,5527,Headphones
290,Pro Headphone 40,Bluetooth Headphones Noise Cancelling,98547,Headphones
291,Plus Headphone 41,Bluetooth Wireless Noise Cancelling,65859,Headphones
292,Elite Headphone 42,Bluetooth Wireless Headphones,6311,Headphones
293,Pro Headphone 43,Noise Cancelling Wireless Headphones,65254,Headphones
294,Ultra Headphone 44,Bluetooth Noise Cancelling Wireless,133171,Headphones
295,Max Headphone 45,Wireless Noise Cancelling Headphones,98195,Headphones
296,Pro Headphone 46,Headphones Noise Cancelling Bluetooth,144887,Headphones
297,Plus Headphone 47,Headphones Wireless Noise Cancelling,100352,Headphones
298,Ultra Headphone 48,Headphones Bluetooth Noise Cancelling,136376,Headphones
299,Elite Headphone 49,Bluetooth Noise Cancelling Headphones,140387,Headphones
300,Max Headphone 50,Wireless Headphones Bluetooth,79336,Headphones
301,Pro Headphone 51,Wireless Noise Cancelling Headphones,135346,Headphones
302,Plus Headphone 52,Wireless Bluetooth Noise Cancelling,78235,Headphones
303,Max Headphone 53,Noise Cancelling Wireless Headphones,22989,Headphones
304,Plus Headphone 54,Wireless Headphones Noise Cancelling,94864,Headphones
305,Elite Headphone 55,Wireless Bluetooth Noise Cancelling,123011,Headphones
306,Elite Headphone 56,Noise Cancelling Headphones Bluetooth,54878,Headphones
307,Max Headphone 57,Noise Cancelling Headphones Bluetooth,105581,Headphones
308,Elite Headphone 58,Wireless Noise Cancelling Headphones,138832,Headphones
309,Elite Headphone 59,Noise Cancelling Bluetooth Wireless,62386,Headphones
310,Max Headphone 60,Bluetooth Noise Cancelling Wireless,119998,Headphones
311,Max Headphone 61,Wireless Headphones Bluetooth,7707,Headphones
312,Pro Headphone 62,Bluetooth Headphones Noise Cancelling,23103,Headphones
313,Pro Headphone 63,Noise Cancelling Wireless Bluetooth,139719,Headphones
314,Ultra Headphone 64,Noise Cancelling Headphones Wireless,110196,Headphones
315,Ultra Headphone 65,Noise Cancelling Wireless Bluetooth,130988,Headphones
316,Pro Headphone 66,Noise Cancelling Bluetooth Wireless,71410,Headphones
317,Pro Headphone 67,Wireless Headphones Noise Cancelling,26731,Headphones
318,Pro Headphone 68,Noise Cancelling Bluetooth Wireless,75047,Headphones
319,Elite Headphone 69,Bluetooth Noise Cancelling Wireless,55498,Headphones
320,Elite Headphone 70,Wireless Bluetooth Headphones,129157,Headphones
321,Ultra Headphone 71,Wireless Bluetooth Noise Cancelling,19022,Headphones
322,Elite Headphone 72,Headphones Wireless Bluetooth,31024,Headphones
323,Max Headphone 73,Wireless Noise Cancelling Bluetooth,62125,Headphones
324,Plus Headphone 74,Wireless Bluetooth Headphones,119000,Headphones
325,Elite Headphone 75,Noise Cancelling Wireless Headphones,4469,Headphones
326,Max Headphone 76,Bluetooth Noise Cancelling Wireless,42293,Headphones
327,Plus Headphone 77,Noise Cancelling Headphones Wireless,80828,Headphones
328,Elite Headphone 78,Bluetooth Wireless Headphones,67835,Headphones
329,Max Headphone 79,Noise Cancelling Headphones Bluetooth,7661,Headphones
330,Ultra Headphone 80,Bluetooth Headphones Noise Cancelling,126766,Headphones
331,Max Headphone 81,Headphones Noise Cancelling Bluetooth,143540,Headphones
332,Plus Headphone 82,Headphones Wireless Noise Cancelling,29573,Headphones
333,Ultra Headphone 83,Wireless Headphones Bluetooth,142041,Headphones
334,Pro Headphone 84,Noise Cancelling Headphones Wireless,97991,Headphones
335,Pro Headphone 85,Bluetooth Noise Cancelling Wireless,55795,Headphones
336,Pro Headphone 86,Bluetooth Noise Cancelling Headphones,73603,Headphones
337,Pro Headphone 87,Bluetooth Wireless Noise Cancelling,15987,Headphones
338,Ultra Headphone 88,Bluetooth Wireless Noise Cancelling,13331,Headphones
339,Ultra Headphone 89,Bluetooth Noise Cancelling Wireless,68704,Headphones
340,Max Headphone 90,Bluetooth Headphones Wireless,125525,Headphones
341,Elite Headphone 91,Bluetooth Noise Cancelling Wireless,103136,Headphones
342,Elite Headphone 92,Noise Cancelling Bluetooth Headphones,26569,Headphones
343,Elite Headphone 93,Bluetooth Wireless Noise Cancelling,122093,Headphones
344,Plus Headphone 94,Headphones Bluetooth Wireless,52742,Headphones
345,Pro Headphone 95,Headphones Bluetooth Wireless,130446,Headphones
346,Elite Headphone 96,Bluetooth Headphones Wireless,67282,Headphones
347,Max Headphone 97,Wireless Bluetooth Headphones,142215,Headphones
348,Pro Headphone 98,Wireless Bluetooth Noise Cancelling,128667,Headphones
349,Plus Headphone 99,Headphones Wireless Bluetooth,58888,Headphones
350,Pro Headphone 100,Headphones Noise Cancelling Bluetooth,27865,Headphones
351,Plus Headphone 101,Bluetooth Noise Cancelling Headphones,77877,Headphones
352,Elite Headphone 102,Noise Cancelling Headphones Bluetooth,6074,Headphones
353,Ultra Headphone 103,Noise Cancelling Headphones Wireless,72429,Headphones
354,Elite Headphone 104,Bluetooth Headphones Wireless,17264,Headphones
355,Ultra Headphone 105,Bluetooth Headphones Noise Cancelling,115173,Headphones
356,Elite Headphone 106,Noise Cancelling Bluetooth Headphones,34751,Headphones
357,Pro Headphone 107,Noise Cancelling Bluetooth Wireless,137268,Headphones
358,Ultra Headphone 108,Noise Cancelling Wireless Headphones,38862,Headphones
359,Elite Headphone 109,Wireless Noise Cancelling Headphones,134101,Headphones
360,Elite Headphone 110,Bluetooth Headphones Noise Cancelling,5002,Headphones
361,Ultra Headphone 111,Headphones Wireless Noise Cancelling,47881,Headphones
362,Elite Headphone 112,Wireless Headphones Noise Cancelling,128847,Headphones
363,Plus Headphone 113,Bluetooth Wireless Headphones,130778,Headphones
364,Elite Headphone 114,Noise Cancelling Wireless Bluetooth,22586,Headphones
365,Pro Headphone 115,Noise Cancelling Wireless Headphones,41003,Headphones
366,Elite Headphone 116,Bluetooth Headphones Wireless,103316,Headphones
367,Pro Headphone 117,Noise Cancelling Headphones Bluetooth,63323,Headphones
368,Ultra Headphone 118,Bluetooth Noise Cancelling Headphones,61936,Headphones
369,Elite Headphone 119,Bluetooth Headphones Wireless,45003,Headphones
370,Pro Headphone 120,Noise Cancelling Bluetooth Headphones,108826,Headphones
371,Elite Headphone 121,Wireless Headphones Noise Cancelling,99183,Headphones
372,Ultra Headphone 122,Bluetooth Headphones Wireless,123232,Headphones
373,Plus Headphone 123,Bluetooth Noise Cancelling Headphones,33523,Headphones
374,Max Headphone 124,Noise Cancelling Wireless Bluetooth,37136,Headphones
375,Pro Headphone 125,Wireless Noise Cancelling Headphones,146081,Headphones
376,Elite Wearable 1,Smartwatch Fitness AMOLED,133214,Wearables
377,Elite Wearable 2,AMOLED Heart Rate Smartwatch,91145,Wearables
378,Pro Wearable 3,Fitness Smartwatch Heart Rate,135067,Wearables
379,Plus Wearable 4,Fitness AMOLED Smartwatch,27527,Wearables
380,Plus Wearable 5,Heart Rate Fitness AMOLED,7954,Wearables
381,Elite Wearable 6,AMOLED Heart Rate Smartwatch,126887,Wearables
382,Max Wearable 7,Heart Rate AMOLED Smartwatch,54016,Wearables
383,Pro Wearable 8,AMOLED Heart Rate Fitness,141095,Wearables
384,Plus Wearable 9,Heart Rate Fitness AMOLED,98488,Wearables
385,Pro Wearable 10,Fitness AMOLED Smartwatch,25741,Wearables
386,Plus Wearable 11,AMOLED Smartwatch Fitness,103165,Wearables
387,Max Wearable 12,Fitness Smartwatch Heart Rate,125906,Wearables
388,Ultra Wearable 13,Fitness Heart Rate AMOLED,27429,Wearables
389,Elite Wearable 14,AMOLED Fitness Heart Rate,91998,Wearables
390,Pro Wearable 15,Fitness AMOLED Heart Rate,58614,Wearables
391,Max Wearable 16,Heart Rate Fitness AMOLED,99916,Wearables
392,Max Wearable 17,Smartwatch Heart Rate AMOLED,55606,Wearables
393,Ultra Wearable 18,Smartwatch AMOLED Heart Rate,114774,Wearables
394,Elite Wearable 19,Heart Rate Fitness AMOLED,64878,Wearables
395,Pro Wearable 20,Fitness Smartwatch AMOLED,15515,Wearables
396,Ultra Wearable 21,AMOLED Heart Rate Fitness,23647,Wearables
397,Max Wearable 22,Fitness AMOLED Smartwatch,113539,Wearables
398,Pro Wearable 23,Smartwatch Fitness Heart Rate,65941,Wearables
399,Elite Wearable 24,Fitness Heart Rate AMOLED,56329,Wearables
400,Ultra Wearable 25,Smartwatch Fitness AMOLED,20472,Wearables
401,Plus Wearable 26,Heart Rate Smartwatch Fitness,27937,Wearables
402,Ultra Wearable 27,Smartwatch Fitness AMOLED,42602,Wearables
403,Pro Wearable 28,Heart Rate Fitness AMOLED,32399,Wearables
404,Elite Wearable 29,Fitness Heart Rate AMOLED,34528,Wearables
405,Plus Wearable 30,Fitness AMOLED Smartwatch,77898,Wearables
406,Ultra Wearable 31,Heart Rate AMOLED Smartwatch,144264,Wearables
407,Ultra Wearable 32,Fitness Smartwatch Heart Rate,64201,Wearables
408,Max Wearable 33,Smartwatch AMOLED Heart Rate,123628,Wearables
409,Max Wearable 34,AMOLED Smartwatch Fitness,128987,Wearables
410,Max Wearable 35,Fitness AMOLED Smartwatch,149761,Wearables
411,Pro Wearable 36,Smartwatch Fitness Heart Rate,106040,Wearables
412,Plus Wearable 37,Fitness Smartwatch Heart Rate,78007,Wearables
413,Pro Wearable 38,Heart Rate AMOLED Fitness,58375,Wearables
414,Pro Wearable 39,AMOLED Fitness Smartwatch,3636,Wearables
415,Max Wearable 40,AMOLED Heart Rate Smartwatch,136998,Wearables
416,Ultra Wearable 41,Heart Rate Smartwatch AMOLED,71476,Wearables
417,Pro Wearable 42,Smartwatch Fitness AMOLED,89414,Wearables
418,Elite Wearable 43,Smartwatch Fitness AMOLED,114932,Wearables
419,Ultra Wearable 44,Smartwatch AMOLED Heart Rate,8130,Wearables
420,Max Wearable 45,Fitness Heart Rate AMOLED,9222,Wearables
421,Pro Wearable 46,AMOLED Smartwatch Fitness,20817,Wearables
422,Max Wearable 47,Fitness AMOLED Heart Rate,16079,Wearables
423,Ultra Wearable 48,Heart Rate Smartwatch Fitness,125270,Wearables
424,Plus Wearable 49,AMOLED Heart Rate Smartwatch,70387,Wearables
425,Max Wearable 50,Heart Rate Fitness AMOLED,81090,Wearables
426,Pro Wearable 51,Fitness AMOLED Heart Rate,52256,Wearables
427,Pro Wearable 52,AMOLED Heart Rate Fitness,118102,Wearables
428,Elite Wearable 53,AMOLED Fitness Heart Rate,112277,Wearables
429,Pro Wearable 54,AMOLED Smartwatch Heart Rate,69537,Wearables
430,Plus Wearable 55,Smartwatch AMOLED Heart Rate,51121,Wearables
431,Plus Wearable 56,AMOLED Smartwatch Fitness,21203,Wearables
432,Plus Wearable 57,Smartwatch Fitness Heart Rate,93167,Wearables
433,Plus Wearable 58,Smartwatch AMOLED Fitness,104279,Wearables
434,Ultra Wearable 59,Fitness AMOLED Smartwatch,59025,Wearables
435,Pro Wearable 60,AMOLED Fitness Smartwatch,128390,Wearables
436,Plus Wearable 61,AMOLED Smartwatch Heart Rate,54349,Wearables
437,Ultra Wearable 62,Heart Rate Fitness AMOLED,144204,Wearables
438,Ultra Wearable 63,Smartwatch AMOLED Fitness,104281,Wearables
439,Plus Wearable 64,Fitness AMOLED Smartwatch,113483,Wearables
440,Max Wearable 65,Fitness Smartwatch AMOLED,77133,Wearables
441,Ultra Wearable 66,Smartwatch Heart Rate Fitness,92251,Wearables
442,Elite Wearable 67,Fitness AMOLED Smartwatch,3206,Wearables
443,Max Wearable 68,Heart Rate AMOLED Fitness,60336,Wearables
444,Max Wearable 69,Smartwatch Fitness Heart Rate,42178,Wearables
445,Plus Wearable 70,Fitness Smartwatch Heart Rate,86196,Wearables
446,Plus Wearable 71,Fitness AMOLED Heart Rate,43406,Wearables
447,Max Wearable 72,Heart Rate Fitness AMOLED,106084,Wearables
448,Pro Wearable 73,Smartwatch AMOLED Fitness,141851,Wearables
449,Ultra Wearable 74,Smartwatch Fitness Heart Rate,28660,Wearables
450,Pro Wearable 75,AMOLED Fitness Heart Rate,97812,Wearables
451,Max Wearable 76,AMOLED Smartwatch Heart Rate,6405,Wearables
452,Plus Wearable 77,AMOLED Heart Rate Fitness,129127,Wearables
453,Plus Wearable 78,Heart Rate Smartwatch Fitness,55738,Wearables
454,Plus Wearable 79,Heart Rate Smartwatch AMOLED,67793,Wearables
455,Pro Wearable 80,AMOLED Heart Rate Fitness,88299,Wearables
456,Max Wearable 81,AMOLED Fitness Smartwatch,76551,Wearables
457,Max Wearable 82,Heart Rate AMOLED Fitness,78580,Wearables
458,Pro Wearable 83,AMOLED Fitness Heart Rate,22198,Wearables
459,Plus Wearable 84,Heart Rate Fitness AMOLED,34206,Wearables
460,Max Wearable 85,Heart Rate Smartwatch AMOLED,6993,Wearables
461,Plus Wearable 86,Heart Rate Fitness Smartwatch,46057,Wearables
462,Max Wearable 87,Fitness Smartwatch AMOLED,17226,Wearables
463,Max Wearable 88,Fitness Smartwatch AMOLED,60619,Wearables
464,Max Wearable 89,AMOLED Fitness Smartwatch,73232,Wearables
465,Elite Wearable 90,Smartwatch Heart Rate AMOLED,87910,Wearables
466,Pro Wearable 91,AMOLED Heart Rate Smartwatch,29629,Wearables
467,Pro Wearable 92,AMOLED Heart Rate Smartwatch,128980,Wearables
468,Max Wearable 93,Heart Rate Fitness Smartwatch,6172,Wearables
469,Ultra Wearable 94,Smartwatch AMOLED Heart Rate,11613,Wearables
470,Elite Wearable 95,Heart Rate Smartwatch Fitness,46279,Wearables
471,Plus Wearable 96,Smartwatch AMOLED Fitness,30711,Wearables
472,Pro Wearable 97,Fitness Heart Rate Smartwatch,73937,Wearables
473,Elite Wearable 98,Heart Rate AMOLED Smartwatch,148871,Wearables
474,Elite Wearable 99,AMOLED Heart Rate Smartwatch,83196,Wearables
475,Max Wearable 100,Heart Rate Fitness Smartwatch,143798,Wearables
476,Ultra Wearable 101,Heart Rate Smartwatch Fitness,99703,Wearables
477,Pro Wearable 102,AMOLED Heart Rate Fitness,116763,Wearables
478,Plus Wearable 103,Fitness Smartwatch AMOLED,64460,Wearables
479,Ultra Wearable 104,Smartwatch AMOLED Fitness,109408,Wearables
480,Plus Wearable 105,Heart Rate Fitness AMOLED,80192,Wearables
481,Ultra Wearable 106,Fitness Smartwatch Heart Rate,143162,Wearables
482,Ultra Wearable 107,Heart Rate Smartwatch AMOLED,145800,Wearables
483,Elite Wearable 108,Smartwatch AMOLED Fitness,19694,Wearables
484,Elite Wearable 109,Heart Rate Fitness Smartwatch,88451,Wearables
485,Pro Wearable 110,Fitness Heart Rate Smartwatch,33549,Wearables
486,Elite Wearable 111,AMOLED Smartwatch Heart Rate,47507,Wearables
487,Elite Wearable 112,Fitness AMOLED Heart Rate,21000,Wearables
488,Plus Wearable 113,AMOLED Smartwatch Fitness,26163,Wearables
489,Max Wearable 114,Heart Rate Fitness AMOLED,29685,Wearables
490,Ultra Wearable 115,Heart Rate AMOLED Fitness,124529,Wearables
491,Max Wearable 116,Smartwatch Fitness AMOLED,147794,Wearables
492,Ultra Wearable 117,Heart Rate AMOLED Fitness,92462,Wearables
493,Plus Wearable 118,AMOLED Fitness Heart Rate,41258,Wearables
494,Plus Wearable 119,Fitness Smartwatch Heart Rate,68697,Wearables
495,Elite Wearable 120,AMOLED Fitness Smartwatch,45390,Wearables
496,Max Wearable 121,Heart Rate AMOLED Smartwatch,28827,Wearables
497,Elite Wearable 122,AMOLED Smartwatch Heart Rate,120380,Wearables
498,Elite Wearable 123,Heart Rate AMOLED Fitness,78522,Wearables
499,Plus Wearable 124,AMOLED Fitness Smartwatch,126219,Wearables
500,Max Wearable 125,Fitness Heart Rate AMOLED,29280,Wearables
501,Ultra Tablet 1,Touchscreen Stylus Tablet,50258,Tablets
502,Pro Tablet 2,Tablet Touchscreen Portable,60420,Tablets
503,Max Tablet 3,Tablet Stylus Portable,149610,Tablets
504,Max Tablet 4,Portable Touchscreen Tablet,64986,Tablets
505,Pro Tablet 5,Tablet Stylus Touchscreen,43761,Tablets
506,Max Tablet 6,Stylus Tablet Portable,95998,Tablets
507,Pro Tablet 7,Touchscreen Stylus Portable,8844,Tablets
508,Plus Tablet 8,Tablet Portable Touchscreen,56667,Tablets
509,Ultra Tablet 9,Tablet Stylus Portable,60794,Tablets
510,Plus Tablet 10,Stylus Tablet Portable,118105,Tablets
511,Ultra Tablet 11,Portable Tablet Stylus,54291,Tablets
512,Pro Tablet 12,Stylus Touchscreen Tablet,118977,Tablets
513,Plus Tablet 13,Stylus Portable Touchscreen,75169,Tablets
514,Ultra Tablet 14,Touchscreen Tablet Portable,100536,Tablets
515,Pro Tablet 15,Tablet Stylus Portable,124482,Tablets
516,Elite Tablet 16,Tablet Portable Touchscreen,48773,Tablets
517,Ultra Tablet 17,Tablet Portable Stylus,141280,Tablets
518,Elite Tablet 18,Tablet Stylus Portable,21553,Tablets
519,Elite Tablet 19,Tablet Portable Touchscreen,19400,Tablets
520,Pro Tablet 20,Stylus Touchscreen Portable,65778,Tablets
521,Ultra Tablet 21,Tablet Touchscreen Portable,108589,Tablets
522,Pro Tablet 22,Stylus Tablet Touchscreen,10506,Tablets
523,Ultra Tablet 23,Stylus Touchscreen Portable,77469,Tablets
524,Plus Tablet 24,Stylus Portable Touchscreen,117406,Tablets
525,Ultra Tablet 25,Touchscreen Portable Stylus,6203,Tablets
526,Max Tablet 26,Stylus Portable Tablet,140532,Tablets
527,Elite Tablet 27,Portable Stylus Touchscreen,143218,Tablets
528,Pro Tablet 28,Stylus Touchscreen Portable,97546,Tablets
529,Plus Tablet 29,Portable Touchscreen Stylus,105782,Tablets
530,Elite Tablet 30,Stylus Tablet Portable,31717,Tablets
531,Ultra Tablet 31,Stylus Touchscreen Portable,34515,Tablets
532,Max Tablet 32,Touchscreen Tablet Portable,49307,Tablets
533,Plus Tablet 33,Touchscreen Tablet Stylus,10536,Tablets
534,Plus Tablet 34,Stylus Portable Tablet,2059,Tablets
535,Pro Tablet 35,Stylus Touchscreen Portable,83939,Tablets
536,Plus Tablet 36,Stylus Touchscreen Tablet,36585,Tablets
537,Pro Tablet 37,Touchscreen Stylus Tablet,89373,Tablets
538,Max Tablet 38,Portable Touchscreen Stylus,93748,Tablets
539,Plus Tablet 39,Stylus Portable Touchscreen,125492,Tablets
540,Max Tablet 40,Portable Stylus Touchscreen,10175,Tablets
541,Ultra Tablet 41,Portable Tablet Touchscreen,109322,Tablets
542,Max Tablet 42,Tablet Touchscreen Stylus,41437,Tablets
543,Elite Tablet 43,Portable Tablet Touchscreen,59481,Tablets
544,Pro Tablet 44,Tablet Stylus Touchscreen,130747,Tablets
545,Pro Tablet 45,Stylus Tablet Touchscreen,49044,Tablets
546,Max Tablet 46,Stylus Tablet Portable,107392,Tablets
547,Elite Tablet 47,Portable Tablet Stylus,13562,Tablets
548,Max Tablet 48,Tablet Stylus Portable,78426,Tablets
549,Max Tablet 49,Stylus Touchscreen Portable,87818,Tablets
550,Pro Tablet 50,Touchscreen Portable Stylus,48308,Tablets
551,Plus Tablet 51,Portable Stylus Touchscreen,101768,Tablets
552,Ultra Tablet 52,Tablet Portable Touchscreen,24011,Tablets
553,Pro Tablet 53,Portable Tablet Touchscreen,100275,Tablets
554,Plus Tablet 54,Tablet Stylus Portable,89625,Tablets
555,Max Tablet 55,Tablet Stylus Portable,69543,Tablets
556,Ultra Tablet 56,Portable Stylus Tablet,65302,Tablets
557,Elite Tablet 57,Portable Tablet Stylus,7447,Tablets
558,Ultra Tablet 58,Portable Touchscreen Stylus,130378,Tablets
559,Max Tablet 59,Portable Touchscreen Stylus,118300,Tablets
560,Pro Tablet 60,Tablet Stylus Portable,86634,Tablets
561,Plus Tablet 61,Tablet Stylus Portable,102281,Tablets
562,Ultra Tablet 62,Tablet Stylus Portable,19100,Tablets
563,Pro Tablet 63,Touchscreen Stylus Portable,107924,Tablets
564,Elite Tablet 64,Portable Touchscreen Stylus,78744,Tablets
565,Elite Tablet 65,Stylus Portable Touchscreen,83172,Tablets
566,Max Tablet 66,Touchscreen Portable Stylus,141165,Tablets
567,Elite Tablet 67,Tablet Touchscreen Stylus,107420,Tablets
568,Max Tablet 68,Portable Stylus Touchscreen,143818,Tablets
569,Max Tablet 69,Portable Stylus Touchscreen,116001,Tablets
570,Ultra Tablet 70,Tablet Touchscreen Stylus,32733,Tablets
571,Pro Tablet 71,Touchscreen Stylus Portable,92140,Tablets
572,Elite Tablet 72,Tablet Touchscreen Stylus,117023,Tablets
573,Ultra Tablet 73,Tablet Portable Touchscreen,46149,Tablets
574,Max Tablet 74,Portable Stylus Tablet,87281,Tablets
575,Max Tablet 75,Stylus Portable Tablet,22490,Tablets
576,Max Tablet 76,Stylus Touchscreen Tablet,124524,Tablets
577,Ultra Tablet 77,Stylus Tablet Portable,45244,Tablets
578,Pro Tablet 78,Tablet Stylus Touchscreen,43795,Tablets
579,Elite Tablet 79,Tablet Stylus Portable,147744,Tablets
580,Plus Tablet 80,Stylus Tablet Touchscreen,42590,Tablets
581,Elite Tablet 81,Tablet Portable Stylus,145279,Tablets
582,Plus Tablet 82,Tablet Stylus Touchscreen,130819,Tablets
583,Elite Tablet 83,Tablet Stylus Portable,105310,Tablets
584,Ultra Tablet 84,Stylus Tablet Touchscreen,108355,Tablets
585,Plus Tablet 85,Portable Touchscreen Stylus,8042,Tablets
586,Max Tablet 86,Portable Stylus Touchscreen,32982,Tablets
587,Elite Tablet 87,Stylus Tablet Touchscreen,58571,Tablets
588,Ultra Tablet 88,Stylus Tablet Portable,55571,Tablets
589,Max Tablet 89,Stylus Portable Tablet,82934,Tablets
590,Plus Tablet 90,Stylus Portable Tablet,73843,Tablets
591,Elite Tablet 91,Portable Stylus Tablet,56395,Tablets
592,Ultra Tablet 92,Portable Touchscreen Stylus,85100,Tablets
593,Max Tablet 93,Stylus Tablet Touchscreen,33307,Tablets
594,Elite Tablet 94,Tablet Portable Touchscreen,95311,Tablets
595,Ultra Tablet 95,Stylus Touchscreen Tablet,121819,Tablets
596,Ultra Tablet 96,Stylus Tablet Touchscreen,5933,Tablets
597,Ultra Tablet 97,Portable Touchscreen Tablet,132256,Tablets
598,Elite Tablet 98,Stylus Portable Touchscreen,137592,Tablets
599,Pro Tablet 99,Tablet Touchscreen Stylus,45150,Tablets
600,Ultra Tablet 100,Portable Tablet Touchscreen,111753,Tablets
601,Pro Tablet 101,Touchscreen Stylus Portable,27607,Tablets
602,Max Tablet 102,Touchscreen Portable Tablet,106343,Tablets
603,Max Tablet 103,Touchscreen Portable Stylus,101563,Tablets
604,Pro Tablet 104,Touchscreen Tablet Portable,110142,Tablets
605,Ultra Tablet 105,Touchscreen Stylus Portable,146402,Tablets
606,Max Tablet 106,Tablet Portable Touchscreen,44325,Tablets
607,Elite Tablet 107,Touchscreen Tablet Portable,20514,Tablets
608,Plus Tablet 108,Stylus Touchscreen Portable,75889,Tablets
609,Plus Tablet 109,Stylus Touchscreen Tablet,143181,Tablets
610,Max Tablet 110,Portable Tablet Touchscreen,50630,Tablets
611,Elite Tablet 111,Stylus Portable Touchscreen,28836,Tablets
612,Ultra Tablet 112,Tablet Stylus Portable,145306,Tablets
613,Plus Tablet 113,Portable Stylus Touchscreen,81544,Tablets
614,Elite Tablet 114,Tablet Stylus Touchscreen,105156,Tablets
615,Max Tablet 115,Portable Tablet Stylus,133515,Tablets
616,Pro Tablet 116,Tablet Portable Stylus,15468,Tablets
617,Plus Tablet 117,Stylus Tablet Touchscreen,52814,Tablets
618,Ultra Tablet 118,Portable Stylus Tablet,103281,Tablets
619,Plus Tablet 119,Touchscreen Stylus Portable,64360,Tablets
620,Elite Tablet 120,Tablet Portable Touchscreen,41041,Tablets
621,Ultra Tablet 121,Touchscreen Portable Stylus,129225,Tablets
622,Max Tablet 122,Touchscreen Tablet Portable,28963,Tablets
623,Plus Tablet 123,Tablet Stylus Portable,140363,Tablets
624,Elite Tablet 124,Portable Stylus Tablet,61221,Tablets
625,Elite Tablet 125,Tablet Stylus Portable,147800,Tablets
626,Pro Accessorie 1,Keyboard Ergonomic Mouse,49854,Accessories
627,Max Accessorie 2,Ergonomic Wireless Mouse,140032,Accessories
628,Plus Accessorie 3,Wireless Ergonomic Mouse,38625,Accessories
629,Max Accessorie 4,Keyboard Ergonomic Mouse,65561,Accessories
630,Max Accessorie 5,Keyboard Wireless Mouse,12261,Accessories
631,Ultra Accessorie 6,Ergonomic Wireless Mouse,106321,Accessories
632,Elite Accessorie 7,Wireless Mouse Ergonomic,118604,Accessories
633,Elite Accessorie 8,Wireless Keyboard Ergonomic,24178,Accessories
634,Ultra Accessorie 9,Ergonomic Wireless Mouse,24468,Accessories
635,Plus Accessorie 10,Ergonomic Mouse Keyboard,19225,Accessories
636,Pro Accessorie 11,Keyboard Wireless Mouse,64891,Accessories
637,Elite Accessorie 12,Wireless Keyboard Ergonomic,59428,Accessories
638,Pro Accessorie 13,Ergonomic Keyboard Mouse,139221,Accessories
639,Max Accessorie 14,Ergonomic Keyboard Mouse,91431,Accessories
640,Ultra Accessorie 15,Wireless Mouse Keyboard,63271,Accessories
641,Plus Accessorie 16,Ergonomic Keyboard Mouse,33419,Accessories
642,Ultra Accessorie 17,Ergonomic Mouse Keyboard,62885,Accessories
643,Pro Accessorie 18,Keyboard Mouse Wireless,45974,Accessories
644,Plus Accessorie 19,Keyboard Wireless Mouse,79524,Accessories
645,Max Accessorie 20,Mouse Wireless Ergonomic,46578,Accessories
646,Elite Accessorie 21,Mouse Keyboard Wireless,107701,Accessories
647,Elite Accessorie 22,Keyboard Ergonomic Mouse,72733,Accessories
648,Pro Accessorie 23,Wireless Mouse Keyboard,114164,Accessories
649,Plus Accessorie 24,Mouse Wireless Keyboard,106221,Accessories
650,Max Accessorie 25,Mouse Wireless Keyboard,96941,Accessories
651,Pro Accessorie 26,Wireless Ergonomic Mouse,105599,Accessories
652,Plus Accessorie 27,Keyboard Mouse Ergonomic,115984,Accessories
653,Pro Accessorie 28,Mouse Wireless Ergonomic,63846,Accessories
654,Max Accessorie 29,Wireless Keyboard Mouse,18505,Accessories
655,Elite Accessorie 30,Keyboard Mouse Wireless,121167,Accessories
656,Ultra Accessorie 31,Ergonomic Mouse Keyboard,35933,Accessories
657,Max Accessorie 32,Wireless Mouse Keyboard,57636,Accessories
658,Pro Accessorie 33,Ergonomic Mouse Wireless,12399,Accessories
659,Elite Accessorie 34,Ergonomic Mouse Keyboard,92998,Accessories
660,Plus Accessorie 35,Mouse Ergonomic Keyboard,11714,Accessories
661,Max Accessorie 36,Keyboard Wireless Ergonomic,72248,Accessories
662,Ultra Accessorie 37,Keyboard Wireless Ergonomic,111745,Accessories
663,Elite Accessorie 38,Mouse Ergonomic Wireless,92471,Accessories
664,Elite Accessorie 39,Mouse Ergonomic Wireless,144729,Accessories
665,Pro Accessorie 40,Wireless Keyboard Mouse,98385,Accessories
666,Pro Accessorie 41,Wireless Mouse Ergonomic,36254,Accessories
667,Pro Accessorie 42,Ergonomic Mouse Keyboard,126396,Accessories
668,Ultra Accessorie 43,Wireless Keyboard Mouse,32354,Accessories
669,Plus Accessorie 44,Keyboard Mouse Wireless,148343,Accessories
670,Max Accessorie 45,Ergonomic Keyboard Wireless,111794,Accessories
671,Ultra Accessorie 46,Mouse Ergonomic Wireless,106865,Accessories
672,Elite Accessorie 47,Ergonomic Keyboard Wireless,23873,Accessories
673,Pro Accessorie 48,Mouse Keyboard Ergonomic,30985,Accessories
674,Pro Accessorie 49,Keyboard Mouse Ergonomic,131968,Accessories
675,Plus Accessorie 50,Keyboard Ergonomic Wireless,93011,Accessories
676,Elite Accessorie 51,Wireless Ergonomic Keyboard,91088,Accessories
677,Elite Accessorie 52,Keyboard Wireless Ergonomic,44817,Accessories
678,Elite Accessorie 53,Keyboard Wireless Ergonomic,54087,Accessories
679,Pro Accessorie 54,Ergonomic Wireless Mouse,84026,Accessories
680,Ultra Accessorie 55,Keyboard Mouse Wireless,80676,Accessories
681,Plus Accessorie 56,Ergonomic Mouse Keyboard,96520,Accessories
682,Plus Accessorie 57,Mouse Keyboard Ergonomic,143207,Accessories
683,Elite Accessorie 58,Wireless Ergonomic Keyboard,43709,Accessories
684,Pro Accessorie 59,Ergonomic Mouse Keyboard,65838,Accessories
685,Max Accessorie 60,Keyboard Ergonomic Mouse,55092,Accessories
686,Pro Accessorie 61,Ergonomic Mouse Wireless,88109,Accessories
687,Plus Accessorie 62,Wireless Ergonomic Keyboard,84685,Accessories
688,Ultra Accessorie 63,Ergonomic Mouse Wireless,10085,Accessories
689,Plus Accessorie 64,Wireless Ergonomic Mouse,107313,Accessories
690,Elite Accessorie 65,Keyboard Ergonomic Wireless,55629,Accessories
691,Pro Accessorie 66,Mouse Keyboard Ergonomic,53988,Accessories
692,Pro Accessorie 67,Wireless Keyboard Ergonomic,130466,Accessories
693,Plus Accessorie 68,Wireless Mouse Ergonomic,143624,Accessories
694,Plus Accessorie 69,Ergonomic Wireless Keyboard,34534,Accessories
695,Plus Accessorie 70,Wireless Mouse Keyboard,71054,Accessories
696,Max Accessorie 71,Mouse Ergonomic Wireless,131923,Accessories
697,Plus Accessorie 72,Mouse Keyboard Ergonomic,117886,Accessories
698,Ultra Accessorie 73,Mouse Keyboard Ergonomic,106967,Accessories
699,Max Accessorie 74,Mouse Ergonomic Keyboard,97775,Accessories
700,Max Accessorie 75,Keyboard Mouse Wireless,121559,Accessories
701,Elite Accessorie 76,Keyboard Ergonomic Wireless,148801,Accessories
702,Pro Accessorie 77,Ergonomic Wireless Mouse,43597,Accessories
703,Elite Accessorie 78,Ergonomic Keyboard Mouse,85087,Accessories
704,Pro Accessorie 79,Ergonomic Keyboard Wireless,86350,Accessories
705,Pro Accessorie 80,Keyboard Wireless Mouse,34170,Accessories
706,Plus Accessorie 81,Wireless Mouse Keyboard,6616,Accessories
707,Ultra Accessorie 82,Wireless Ergonomic Keyboard,33596,Accessories
708,Elite Accessorie 83,Mouse Wireless Keyboard,125443,Accessories
709,Plus Accessorie 84,Wireless Keyboard Ergonomic,82193,Accessories
710,Pro Accessorie 85,Ergonomic Keyboard Wireless,7676,Accessories
711,Plus Accessorie 86,Mouse Ergonomic Keyboard,94227,Accessories
712,Plus Accessorie 87,Ergonomic Mouse Wireless,84442,Accessories
713,Pro Accessorie 88,Keyboard Mouse Wireless,84300,Accessories
714,Plus Accessorie 89,Mouse Keyboard Ergonomic,42778,Accessories
715,Ultra Accessorie 90,Mouse Ergonomic Keyboard,4201,Accessories
716,Ultra Accessorie 91,Mouse Keyboard Ergonomic,77914,Accessories
717,Ultra Accessorie 92,Mouse Wireless Keyboard,124353,Accessories
718,Pro Accessorie 93,Keyboard Mouse Wireless,78602,Accessories
719,Max Accessorie 94,Wireless Ergonomic Keyboard,97584,Accessories
720,Ultra Accessorie 95,Mouse Keyboard Wireless,40891,Accessories
721,Elite Accessorie 96,Ergonomic Mouse Keyboard,28395,Accessories
722,Ultra Accessorie 97,Wireless Keyboard Ergonomic,44500,Accessories
723,Max Accessorie 98,Keyboard Mouse Ergonomic,60093,Accessories
724,Plus Accessorie 99,Mouse Wireless Ergonomic,46304,Accessories
725,Max Accessorie 100,Keyboard Wireless Mouse,59486,Accessories
726,Max Accessorie 101,Ergonomic Keyboard Mouse,27206,Accessories
727,Elite Accessorie 102,Wireless Ergonomic Mouse,74957,Accessories
728,Ultra Accessorie 103,Wireless Mouse Ergonomic,79614,Accessories
729,Elite Accessorie 104,Keyboard Mouse Ergonomic,135223,Accessories
730,Max Accessorie 105,Ergonomic Mouse Wireless,66365,Accessories
731,Max Accessorie 106,Ergonomic Keyboard Mouse,79210,Accessories
732,Plus Accessorie 107,Keyboard Mouse Ergonomic,134049,Accessories
733,Max Accessorie 108,Mouse Wireless Keyboard,74315,Accessories
734,Plus Accessorie 109,Wireless Mouse Keyboard,67237,Accessories
735,Plus Accessorie 110,Ergonomic Mouse Keyboard,41779,Accessories
736,Elite Accessorie 111,Wireless Ergonomic Mouse,11692,Accessories
737,Max Accessorie 112,Mouse Wireless Ergonomic,49064,Accessories
738,Plus Accessorie 113,Wireless Ergonomic Mouse,89945,Accessories
739,Plus Accessorie 114,Mouse Wireless Keyboard,107759,Accessories
740,Plus Accessorie 115,Wireless Mouse Keyboard,63202,Accessories
741,Pro Accessorie 116,Keyboard Wireless Ergonomic,142300,Accessories
742,Pro Accessorie 117,Mouse Keyboard Ergonomic,117218,Accessories
743,Pro Accessorie 118,Mouse Wireless Ergonomic,24699,Accessories
744,Plus Accessorie 119,Mouse Keyboard Wireless,44079,Accessories
745,Max Accessorie 120,Keyboard Ergonomic Mouse,149120,Accessories
746,Ultra Accessorie 121,Mouse Ergonomic Wireless,72484,Accessories
747,Elite Accessorie 122,Mouse Wireless Ergonomic,69759,Accessories
748,Plus Accessorie 123,Keyboard Ergonomic Wireless,16798,Accessories
749,Elite Accessorie 124,Wireless Keyboard Ergonomic,70400,Accessories
750,Elite Accessorie 125,Mouse Ergonomic Keyboard,131889,Accessories
751,Max Television 1,Dolby Vision LED Smart TV,38465,Televisions
752,Elite Television 2,Smart TV LED 4K TV,7134,Televisions
753,Ultra Television 3,4K TV Dolby Vision LED,42747,Televisions
754,Pro Television 4,LED Smart TV Dolby Vision,17881,Televisions
755,Plus Television 5,4K TV LED Dolby Vision,133263,Televisions
756,Elite Television 6,4K TV Dolby Vision LED,121279,Televisions
757,Ultra Television 7,LED 4K TV Dolby Vision,126181,Televisions
758,Max Television 8,LED Dolby Vision Smart TV,104241,Televisions
759,Plus Television 9,LED 4K TV Dolby Vision,44525,Televisions
760,Pro Television 10,Smart TV Dolby Vision 4K TV,58729,Televisions
761,Elite Television 11,Smart TV LED Dolby Vision,32687,Televisions
762,Elite Television 12,Dolby Vision Smart TV LED,145059,Televisions
763,Plus Television 13,Dolby Vision 4K TV LED,64018,Televisions
764,Elite Television 14,Dolby Vision Smart TV LED,81827,Televisions
765,Elite Television 15,LED Dolby Vision 4K TV,27913,Televisions
766,Max Television 16,4K TV Dolby Vision Smart TV,58560,Televisions
767,Ultra Television 17,LED Smart TV 4K TV,55750,Televisions
768,Ultra Television 18,4K TV Dolby Vision Smart TV,17831,Televisions
769,Pro Television 19,4K TV Dolby Vision Smart TV,130829,Televisions
770,Plus Television 20,LED Smart TV Dolby Vision,125888,Televisions
771,Ultra Television 21,Dolby Vision Smart TV 4K TV,132361,Televisions
772,Max Television 22,4K TV LED Smart TV,49327,Televisions
773,Pro Television 23,Dolby Vision 4K TV LED,2819,Televisions
774,Max Television 24,LED 4K TV Dolby Vision,30680,Televisions
775,Ultra Television 25,4K TV Smart TV LED,31357,Televisions
776,Elite Television 26,LED 4K TV Dolby Vision,91260,Televisions
777,Plus Television 27,4K TV Smart TV Dolby Vision,7800,Televisions
778,Elite Television 28,Smart TV LED Dolby Vision,71532,Televisions
779,Pro Television 29,Dolby Vision Smart TV LED,17567,Televisions
780,Max Television 30,Dolby Vision 4K TV Smart TV,145080,Televisions
781,Plus Television 31,LED Dolby Vision Smart TV,124184,Televisions
782,Plus Television 32,Dolby Vision LED 4K TV,131640,Televisions
783,Pro Television 33,Smart TV LED Dolby Vision,102043,Televisions
784,Plus Television 34,LED Smart TV Dolby Vision,40740,Televisions
785,Pro Television 35,Dolby Vision LED 4K TV,63975,Televisions
786,Ultra Television 36,4K TV Smart TV Dolby Vision,95939,Televisions
787,Ultra Television 37,4K TV Dolby Vision LED,106922,Televisions
788,Plus Television 38,4K TV Smart TV LED,78010,Televisions
789,Max Television 39,4K TV Smart TV LED,12475,Televisions
790,Max Television 40,Smart TV LED 4K TV,149193,Televisions
791,Ultra Television 41,Dolby Vision Smart TV 4K TV,101155,Televisions
792,Elite Television 42,4K TV LED Smart TV,117056,Televisions
793,Max Television 43,Dolby Vision Smart TV 4K TV,24949,Televisions
794,Ultra Television 44,Smart TV Dolby Vision 4K TV,116057,Televisions
795,Max Television 45,LED Dolby Vision Smart TV,126796,Televisions
796,Max Television 46,Dolby Vision LED 4K TV,137482,Televisions
797,Plus Television 47,4K TV Dolby Vision LED,75019,Televisions
798,Ultra Television 48,LED Smart TV 4K TV,56107,Televisions
799,Ultra Television 49,Dolby Vision Smart TV LED,38818,Televisions
800,Elite Television 50,Smart TV 4K TV LED,135860,Televisions
801,Ultra Television 51,Dolby Vision LED Smart TV,76268,Televisions
802,Pro Television 52,Dolby Vision 4K TV LED,125309,Televisions
803,Pro Television 53,4K TV LED Dolby Vision,24265,Televisions
804,Ultra Television 54,Dolby Vision LED 4K TV,115131,Televisions
805,Pro Television 55,Dolby Vision Smart TV 4K TV,60541,Televisions
806,Elite Television 56,LED 4K TV Smart TV,78176,Televisions
807,Ultra Television 57,Dolby Vision LED 4K TV,69334,Televisions
808,Plus Television 58,4K TV Smart TV Dolby Vision,128653,Televisions
809,Pro Television 59,4K TV Dolby Vision LED,58100,Televisions
810,Max Television 60,LED Smart TV 4K TV,76640,Televisions
811,Plus Television 61,4K TV LED Smart TV,5034,Televisions
812,Elite Television 62,LED Smart TV Dolby Vision,120185,Televisions
813,Pro Television 63,4K TV Dolby Vision Smart TV,106431,Televisions
814,Plus Television 64,LED Smart TV 4K TV,139086,Televisions
815,Elite Television 65,Dolby Vision LED 4K TV,134198,Televisions
816,Ultra Television 66,LED Dolby Vision Smart TV,10019,Televisions
817,Ultra Television 67,LED Smart TV Dolby Vision,134698,Televisions
818,Elite Television 68,LED Smart TV Dolby Vision,124912,Televisions
819,Elite Television 69,Smart TV 4K TV LED,106487,Televisions
820,Elite Television 70,LED Dolby Vision 4K TV,23063,Televisions
821,Max Television 71,4K TV LED Dolby Vision,134722,Televisions
822,Pro Television 72,LED 4K TV Smart TV,116713,Televisions
823,Ultra Television 73,4K TV Smart TV LED,68293,Televisions
824,Plus Television 74,Smart TV LED Dolby Vision,73528,Televisions
825,Plus Television 75,LED 4K TV Smart TV,107410,Televisions
826,Plus Television 76,Dolby Vision 4K TV Smart TV,16132,Televisions
827,Elite Television 77,4K TV LED Dolby Vision,89204,Televisions
828,Max Television 78,4K TV Dolby Vision LED,97540,Televisions
829,Max Television 79,Smart TV LED 4K TV,15352,Televisions
830,Elite Television 80,Dolby Vision 4K TV Smart TV,111810,Televisions
831,Ultra Television 81,Dolby Vision LED Smart TV,3131,Televisions
832,Elite Television 82,Smart TV Dolby Vision LED,26621,Televisions
833,Elite Television 83,Smart TV 4K TV Dolby Vision,33056,Televisions
834,Ultra Television 84,Smart TV Dolby Vision LED,24203,Televisions
835,Elite Television 85,Dolby Vision Smart TV LED,142734,Televisions
836,Pro Television 86,4K TV Smart TV LED,98193,Televisions
837,Plus Television 87,Smart TV LED Dolby Vision,16469,Televisions
838,Ultra Television 88,Dolby Vision Smart TV 4K TV,120168,Televisions
839,Plus Television 89,Smart TV LED Dolby Vision,119500,Televisions
840,Pro Television 90,Dolby Vision Smart TV LED,93172,Televisions
841,Plus Television 91,4K TV Smart TV LED,73474,Televisions
842,Ultra Television 92,4K TV LED Dolby Vision,95587,Televisions
843,Plus Television 93,4K TV LED Dolby Vision,44942,Televisions
844,Elite Television 94,4K TV Dolby Vision LED,67723,Televisions
845,Elite Television 95,Dolby Vision LED Smart TV,37733,Televisions
846,Pro Television 96,LED Dolby Vision 4K TV,127493,Televisions
847,Max Television 97,Smart TV 4K TV Dolby Vision,81424,Televisions
848,Elite Television 98,Dolby Vision 4K TV Smart TV,124918,Televisions
849,Ultra Television 99,Dolby Vision Smart TV 4K TV,34301,Televisions
850,Ultra Television 100,4K TV LED Smart TV,128207,Televisions
851,Elite Television 101,Dolby Vision 4K TV Smart TV,91623,Televisions
852,Pro Television 102,Dolby Vision 4K TV Smart TV,92603,Televisions
853,Elite Television 103,4K TV Smart TV Dolby Vision,20867,Televisions
854,Max Television 104,Dolby Vision 4K TV LED,20928,Televisions
855,Plus Television 105,4K TV LED Smart TV,82127,Televisions
856,Elite Television 106,4K TV LED Dolby Vision,118853,Televisions
857,Ultra Television 107,4K TV Dolby Vision Smart TV,62937,Televisions
858,Elite Television 108,4K TV LED Dolby Vision,119230,Televisions
859,Elite Television 109,Smart TV Dolby Vision 4K TV,66319,Televisions
860,Max Television 110,Dolby Vision Smart TV LED,147911,Televisions
861,Ultra Television 111,Smart TV Dolby Vision LED,19641,Televisions
862,Ultra Television 112,Dolby Vision 4K TV Smart TV,140186,Televisions
863,Max Television 113,LED Dolby Vision 4K TV,21229,Televisions
864,Max Television 114,LED 4K TV Dolby Vision,145497,Televisions
865,Ultra Television 115,Dolby Vision Smart TV LED,96888,Televisions
866,Pro Television 116,4K TV Smart TV Dolby Vision,7230,Televisions
867,Plus Television 117,Dolby Vision Smart TV LED,144707,Televisions
868,Plus Television 118,Dolby Vision 4K TV LED,42031,Televisions
869,Elite Television 119,LED Dolby Vision 4K TV,14911,Televisions
870,Ultra Television 120,LED Smart TV Dolby Vision,130240,Televisions
871,Elite Television 121,4K TV Dolby Vision LED,11912,Televisions
872,Ultra Television 122,Dolby Vision Smart TV 4K TV,3356,Televisions
873,Ultra Television 123,LED Dolby Vision Smart TV,78936,Televisions
874,Ultra Television 124,Smart TV LED 4K TV,60322,Televisions
875,Pro Television 125,LED Dolby Vision Smart TV,128370,Televisions
876,Ultra Camera 1,DSLR Lens Mirrorless,107243,Cameras
877,Pro Camera 2,Lens Camera Mirrorless,112495,Cameras
878,Ultra Camera 3,Mirrorless Camera Lens,134518,Cameras
879,Pro Camera 4,Lens Mirrorless DSLR,53654,Cameras
880,Ultra Camera 5,Lens Mirrorless DSLR,130758,Cameras
881,Plus Camera 6,Mirrorless Camera Lens,24590,Cameras
882,Elite Camera 7,Camera Lens Mirrorless,35770,Cameras
883,Plus Camera 8,Lens DSLR Camera,82375,Cameras
884,Max Camera 9,Mirrorless DSLR Camera,143903,Cameras
885,Pro Camera 10,Camera DSLR Mirrorless,113128,Cameras
886,Max Camera 11,Camera Mirrorless Lens,73211,Cameras
887,Elite Camera 12,Mirrorless Camera Lens,90912,Cameras
888,Pro Camera 13,Mirrorless Camera DSLR,72011,Cameras
889,Elite Camera 14,DSLR Mirrorless Camera,123273,Cameras
890,Elite Camera 15,Mirrorless DSLR Lens,81221,Cameras
891,Pro Camera 16,Mirrorless Lens Camera,60465,Cameras
892,Elite Camera 17,DSLR Lens Mirrorless,51832,Cameras
893,Pro Camera 18,Mirrorless DSLR Camera,21305,Cameras
894,Plus Camera 19,DSLR Camera Mirrorless,109927,Cameras
895,Plus Camera 20,Lens Camera DSLR,137910,Cameras
896,Elite Camera 21,DSLR Lens Mirrorless,149315,Cameras
897,Elite Camera 22,Lens DSLR Camera,99814,Cameras
898,Pro Camera 23,Mirrorless DSLR Camera,131659,Cameras
899,Max Camera 24,Mirrorless Camera Lens,70479,Cameras
900,Max Camera 25,Mirrorless DSLR Camera,106089,Cameras
901,Plus Camera 26,Camera DSLR Mirrorless,64392,Cameras
902,Ultra Camera 27,Lens Camera DSLR,140535,Cameras
903,Plus Camera 28,Mirrorless DSLR Lens,30083,Cameras
904,Elite Camera 29,Lens Mirrorless Camera,61105,Cameras
905,Plus Camera 30,Mirrorless DSLR Lens,33070,Cameras
906,Ultra Camera 31,DSLR Lens Mirrorless,21809,Cameras
907,Plus Camera 32,Camera Mirrorless Lens,22128,Cameras
908,Plus Camera 33,Camera Lens Mirrorless,76682,Cameras
909,Ultra Camera 34,Camera Mirrorless DSLR,42481,Cameras
910,Ultra Camera 35,DSLR Mirrorless Lens,54399,Cameras
911,Plus Camera 36,Mirrorless DSLR Lens,99939,Cameras
912,Plus Camera 37,Mirrorless Lens DSLR,82344,Cameras
913,Pro Camera 38,Camera DSLR Mirrorless,30232,Cameras
914,Ultra Camera 39,Lens Mirrorless Camera,111589,Cameras
915,Max Camera 40,Mirrorless Lens DSLR,127566,Cameras
916,Plus Camera 41,DSLR Lens Camera,22049,Cameras
917,Elite Camera 42,Camera DSLR Lens,54699,Cameras
918,Ultra Camera 43,DSLR Lens Camera,34027,Cameras
919,Ultra Camera 44,Camera Mirrorless Lens,80515,Cameras
920,Max Camera 45,Camera Lens Mirrorless,6064,Cameras
921,Max Camera 46,DSLR Camera Mirrorless,11874,Cameras
922,Ultra Camera 47,Lens Mirrorless Camera,75157,Cameras
923,Elite Camera 48,DSLR Lens Camera,26639,Cameras
924,Plus Camera 49,Camera DSLR Lens,67379,Cameras
925,Pro Camera 50,Camera Lens Mirrorless,112678,Cameras
926,Elite Camera 51,DSLR Lens Mirrorless,66591,Cameras
927,Max Camera 52,Lens Camera DSLR,84918,Cameras
928,Plus Camera 53,Camera Mirrorless DSLR,114312,Cameras
929,Ultra Camera 54,DSLR Camera Mirrorless,37691,Cameras
930,Elite Camera 55,Lens DSLR Mirrorless,37149,Cameras
931,Ultra Camera 56,Camera Lens Mirrorless,41567,Cameras
932,Max Camera 57,Camera Lens Mirrorless,34517,Cameras
933,Ultra Camera 58,Lens Camera Mirrorless,125479,Cameras
934,Elite Camera 59,Lens DSLR Mirrorless,107077,Cameras
935,Elite Camera 60,Lens Mirrorless DSLR,61495,Cameras
936,Pro Camera 61,Camera DSLR Lens,35752,Cameras
937,Elite Camera 62,Camera DSLR Mirrorless,44973,Cameras
938,Max Camera 63,Camera DSLR Mirrorless,25894,Cameras
939,Elite Camera 64,DSLR Camera Mirrorless,80745,Cameras
940,Elite Camera 65,Camera DSLR Mirrorless,65346,Cameras
941,Pro Camera 66,DSLR Lens Camera,11520,Cameras
942,Plus Camera 67,Mirrorless Camera DSLR,38675,Cameras
943,Max Camera 68,DSLR Mirrorless Camera,145827,Cameras
944,Elite Camera 69,Lens Mirrorless DSLR,11327,Cameras
945,Elite Camera 70,Camera Lens Mirrorless,51780,Cameras
946,Plus Camera 71,DSLR Mirrorless Camera,61180,Cameras
947,Plus Camera 72,DSLR Lens Camera,79937,Cameras
948,Plus Camera 73,DSLR Mirrorless Lens,111344,Cameras
949,Plus Camera 74,Mirrorless Camera DSLR,23768,Cameras
950,Pro Camera 75,DSLR Camera Mirrorless,104877,Cameras
951,Plus Camera 76,DSLR Camera Mirrorless,148032,Cameras
952,Pro Camera 77,DSLR Camera Lens,8177,Cameras
953,Max Camera 78,Lens DSLR Camera,7465,Cameras
954,Plus Camera 79,Camera DSLR Mirrorless,30328,Cameras
955,Elite Camera 80,Lens Mirrorless Camera,143324,Cameras
956,Elite Camera 81,Mirrorless Camera Lens,8237,Cameras
957,Pro Camera 82,Mirrorless DSLR Lens,120452,Cameras
958,Max Camera 83,Mirrorless Lens DSLR,98816,Cameras
959,Pro Camera 84,Mirrorless Lens Camera,96685,Cameras
960,Elite Camera 85,Mirrorless DSLR Camera,138442,Cameras
961,Ultra Camera 86,DSLR Camera Mirrorless,15057,Cameras
962,Ultra Camera 87,Camera Lens DSLR,113597,Cameras
963,Elite Camera 88,Lens Camera Mirrorless,96844,Cameras
964,Elite Camera 89,Mirrorless Camera Lens,7593,Cameras
965,Elite Camera 90,DSLR Lens Mirrorless,39045,Cameras
966,Pro Camera 91,Lens Mirrorless Camera,10018,Cameras
967,Elite Camera 92,Mirrorless Lens Camera,144521,Cameras
968,Elite Camera 93,DSLR Camera Lens,40604,Cameras
969,Max Camera 94,Lens Mirrorless DSLR,28093,Cameras
970,Max Camera 95,Camera Lens Mirrorless,112069,Cameras
971,Plus Camera 96,DSLR Lens Mirrorless,57466,Cameras
972,Ultra Camera 97,DSLR Mirrorless Camera,133002,Cameras
973,Ultra Camera 98,Lens DSLR Mirrorless,23934,Cameras
974,Elite Camera 99,DSLR Lens Mirrorless,42018,Cameras
975,Max Camera 100,Lens Camera DSLR,36857,Cameras
976,Ultra Camera 101,Lens Camera Mirrorless,54877,Cameras
977,Max Camera 102,Camera Lens DSLR,60353,Cameras
978,Plus Camera 103,Lens Mirrorless Camera,120960,Cameras
979,Elite Camera 104,Mirrorless Lens DSLR,73375,Cameras
980,Ultra Camera 105,Mirrorless Lens DSLR,102674,Cameras
981,Elite Camera 106,Mirrorless DSLR Camera,64574,Cameras
982,Plus Camera 107,Lens DSLR Mirrorless,126431,Cameras
983,Ultra Camera 108,Mirrorless Lens Camera,76420,Cameras
984,Max Camera 109,DSLR Camera Lens,118594,Cameras
985,Elite Camera 110,DSLR Mirrorless Lens,27844,Cameras
986,Plus Camera 111,Camera Mirrorless DSLR,42437,Cameras
987,Max Camera 112,Camera Lens Mirrorless,2206,Cameras
988,Ultra Camera 113,Lens Camera DSLR,76039,Cameras
989,Plus Camera 114,Mirrorless Camera Lens,30292,Cameras
990,Elite Camera 115,Mirrorless Lens Camera,27902,Cameras
991,Elite Camera 116,Mirrorless Lens DSLR,8618,Cameras
992,Ultra Camera 117,Camera Lens DSLR,109717,Cameras
993,Elite Camera 118,Camera Lens DSLR,64540,Cameras
994,Max Camera 119,DSLR Camera Mirrorless,114119,Cameras
995,Elite Camera 120,Camera DSLR Mirrorless,117049,Cameras
996,Ultra Camera 121,Camera Mirrorless Lens,3489,Cameras
997,Max Camera 122,Camera DSLR Mirrorless,53381,Cameras
998,Elite Camera 123,Camera DSLR Mirrorless,20383,Cameras
999,Plus Camera 124,Lens Mirrorless Camera,45361,Cameras
1000,Pro Camera 125,Mirrorless Lens Camera,119602,Cameras
